name,life_expectancy,wage_ratio,continent
Belarus,70.9218,1.3537735849056605,Europe
Indonesia,68.2261,1.2959946552663621,Asia
Mexico,74.1524,1.2106087961739087,America
Paraguay,71.3838,1.0557316679279989,America
Philippines,70.5638,1.0022176450695053,Asia
Singapore,81.1698,1.368547418967587,Asia
Sri Lanka,71.7288,1.241021091491858,Asia
Sweden,81.1371,1.1232339089481946,Europe
Ukraine,69.1168,1.329584017689953,Europe
United Kingdom,79.6652,1.2779043280182232,Europe
